<?xml version="1.0" encoding="UTF-8" ?>
<project>
	<condition property="flex_sdk" value="SDK/flex_sdk/">
		<os family="unix"/>
	</condition>
	<condition property="flex_sdk" value="%cd%/SDK/flex_sdk/">
			<!--
				Windowsではflex_sdkのvalueをフルパスで記述する。
				
				flex_sdkの設置パスはパス名に半角空白を含んではいけない。
				その場合はflex_sdkを移動し、このpropertyを変更する必要がある。
			-->
		<os family="windows"/>
	</condition>
	<property name="air_usrlib" value="SDK/AIRlib/"/>
	<property name="by-product" value="SDK/by-product/"/>
	<property name="sign_key" value="dummy_password"/>

	<property name="MXMLC.JAR" value="${flex_sdk}lib/mxmlc.jar"/>
	<property name="ADT.JAR" value="${flex_sdk}lib/adt.jar"/>
	<condition property="adl_cmd" value="${flex_sdk}bin/adl">
		<os family="unix"/>
	</condition>
	<condition property="adl_opt" value="">
		<os family="unix"/>
	</condition>
	<condition property="adl_cmd" value="cmd.exe">
		<os family="windows"/>
	</condition>
	<condition property="adl_opt" value='/c "${flex_sdk}bin/adl"'>
		<os family="windows"/>
	</condition>
</project>
