<?xml version="1.0" encoding="utf-8" ?>
<application xmlns="http://ns.adobe.com/air/application/15.0">
	<id>com.fc2.blog112.ugainovel.UnderCherry</id>
	<versionNumber>4.22</versionNumber>
	<filename>UnderCherry</filename>
	<description>
		<text xml:lang="en">Sample Visual Novel "(Motojiro Kajii, Under cherry trees)"</text>
		<text xml:lang="ja">ノベルゲーム「桜の樹の下には」梶井基次郎</text>
	</description>
	<name>
		<text xml:lang="en">A story of Under Cherry Tree</text>
		<text xml:lang="ja">桜の樹の下には</text>
	</name>
	<copyright>活動漫画屋</copyright>
	<initialWindow>
		<content>UnderCherry.swf</content>
		<systemChrome>standard</systemChrome>
		<transparent>false</transparent>
		<visible>true</visible>
		<minimizable>true</minimizable>
		<maximizable>false</maximizable>
		<resizable>false</resizable>
	</initialWindow>
	<icon>
		<image16x16>icon/icon_016.png</image16x16>
		<image32x32>icon/icon_032.png</image32x32>
		<image48x48>icon/icon_048.png</image48x48>
		<image128x128>icon/icon_128.png</image128x128>
	</icon>
	<customUpdateUI>false</customUpdateUI>
	<allowBrowserInvocation>false</allowBrowserInvocation>
</application>
