<?xml version="1.0" encoding="utf-8" ?>
<application xmlns="http://ns.adobe.com/air/application/1.5.2">
	<id>com.fc2.blog112.ugainovel.KataYuki</id>
	<version>1.23</version>
	<filename>KataYuki</filename>
	<description>
		<text xml:lang="en">Visual Novel "(YugaiShousetsu, Katawaguruma to Yuki Onna)"</text>
		<text xml:lang="ja">「片輪車と雪女」夕街昇雪</text>
	</description>
	<name>
		<text xml:lang="en">A story of Katawaguruma and Yuki Onna</text>
		<text xml:lang="ja">片輪車と雪女</text>
	</name>
	<copyright>活動漫画屋</copyright>
	<initialWindow>
		<content>KataYuki.swf</content>
		<systemChrome>standard</systemChrome>
		<transparent>false</transparent>
		<visible>true</visible>
		<minimizable>true</minimizable>
		<maximizable>false</maximizable>
		<resizable>false</resizable>
	</initialWindow>
	<icon>
		<image16x16>icon/icon_016.png</image16x16>
		<image32x32>icon/icon_032.png</image32x32>
		<image48x48>icon/icon_048.png</image48x48>
		<image128x128>icon/icon_128.png</image128x128>
	</icon>
	<customUpdateUI>false</customUpdateUI>
	<allowBrowserInvocation>false</allowBrowserInvocation>
</application>
