<?xml version="1.0" encoding="utf-8" ?>
<application xmlns="http://ns.adobe.com/air/application/2.6">
	<id>com.fc2.blog38.famibee.AnPacker</id>
	<versionNumber>1.00</versionNumber>
	<filename>AnPacker</filename>
	<description></description>
	<!-- To localize the description, use the following format for the description element.
	<description>
		<text xml:lang="en">English App description goes here</text>
		<text xml:lang="fr">French App description goes here</text>
		<text xml:lang="ja">Japanese App description goes here</text>
	</description>
	-->
	<name>AnPacker</name>
	<!-- To localize the name, use the following format for the name element.
	<name>
		<text xml:lang="en">English App name goes here</text>
		<text xml:lang="fr">French App name goes here</text>
		<text xml:lang="ja">Japanese App name goes here</text>
	</name>
	-->
	<copyright>famibee</copyright>
	<initialWindow>
		<content>AnPacker.swf</content>
		<systemChrome>standard</systemChrome>
		<transparent>false</transparent>
		<visible>true</visible>
		<minimizable>true</minimizable>
		<maximizable>false</maximizable>
		<resizable>false</resizable>
	</initialWindow>
	<icon>
		<image16x16>icon/icon_016.png</image16x16>
		<image32x32>icon/icon_032.png</image32x32>
		<image48x48>icon/icon_048.png</image48x48>
		<image128x128>icon/icon_128.png</image128x128>
	</icon>
	<customUpdateUI>false</customUpdateUI>
	<allowBrowserInvocation>false</allowBrowserInvocation>
</application>
